Name,Email_x,Age,Country,Email_y,Education Level,Number of Languages Spoken,Email_x,Gender,Satisfaction Rate,Email_y,Marital Status,Number of Children
Landon Patel,landonpatel@gmail.com,32,United States,landonpatel@gmail.com,Bachelor's Degree,2,landonpatel@gmail.com,Male,8,landonpatel@gmail.com,Single,3
Cassidy Turner,cassidyturner@yahoo.com,24,Canada,cassidyturner@yahoo.com,Master's Degree,1,cassidyturner@yahoo.com,Non-binary,9,cassidyturner@yahoo.com,Married,4
Axl Thompson,axl.thompson@hotmail.com,43,United States,axl.thompson@hotmail.com,High School,3,axl.thompson@hotmail.com,Male,7,axl.thompson@hotmail.com,Single,1
Ivy Wilson,ivywilson@gmail.com,58,United Kingdom,ivywilson@gmail.com,Bachelor's Degree,4,ivywilson@gmail.com,Female,6,ivywilson@gmail.com,Divorced,0
Reece Scott,reece.scott@outlook.com,26,Australia,reece.scott@outlook.com,Doctorate,4,reece.scott@outlook.com,Male,4,reece.scott@outlook.com,Married,2
Carter Johnson,carter.johnson@yahoo.com,41,Canada,carter.johnson@yahoo.com,Bachelor's Degree,3,carter.johnson@yahoo.com,Male,7,carter.johnson@yahoo.com,Single,0
Taliyah Garcia,taliyah.garcia@hotmail.com,20,Mexico,taliyah.garcia@hotmail.com,Master's Degree,2,taliyah.garcia@hotmail.com,Female,3,taliyah.garcia@hotmail.com,Married,3
Ishaan Patel,ishaan_patel@gmail.com,34,India,ishaan_patel@gmail.com,Bachelor's Degree,1,ishaan_patel@gmail.com,Male,5,ishaan_patel@gmail.com,Divorced,2
Mikayla James,mikayla_james@hotmail.com,40,United States,mikayla_james@hotmail.com,Master's Degree,1,mikayla_james@hotmail.com,Female,9,mikayla_james@hotmail.com,Single,1
Brenton Davis,brenton.davis@yahoo.com,33,Australia,brenton.davis@yahoo.com,Bachelor's Degree,2,brenton.davis@yahoo.com,Male,6,brenton.davis@yahoo.com,Married,5
Aurora Martin,auroramartin@gmail.com,47,United Kingdom,auroramartin@gmail.com,High School,3,auroramartin@gmail.com,Female,8,auroramartin@gmail.com,Single,0
Jovany Rodriguez,jovany.rodriguez@yahoo.com,31,Mexico,jovany.rodriguez@yahoo.com,High School,1,jovany.rodriguez@yahoo.com,Male,2,jovany.rodriguez@yahoo.com,Married,4
Lillyana Hernandez,lillyana_hernandez@hotmail.com,45,United States,lillyana_hernandez@hotmail.com,Doctorate,4,lillyana_hernandez@hotmail.com,Female,10,lillyana_hernandez@hotmail.com,Divorced,3
Elvis Brown,elvis_brown@gmail.com,22,Canada,elvis_brown@gmail.com,Master's Degree,1,elvis_brown@gmail.com,Male,1,elvis_brown@gmail.com,Single,5
Livia Perez,livia_perez@yahoo.com,48,Mexico,livia_perez@yahoo.com,Master's Degree,3,livia_perez@yahoo.com,Female,5,livia_perez@yahoo.com,Married,2
Nash Cooper,nash.cooper@hotmail.com,25,United States,nash.cooper@hotmail.com,Doctorate,4,nash.cooper@hotmail.com,Male,3,nash.cooper@hotmail.com,Single,0
Janelle Lee,janelle_lee@gmail.com,56,United Kingdom,janelle_lee@gmail.com,Bachelor's Degree,2,janelle_lee@gmail.com,Female,8,janelle_lee@gmail.com,Married,2
Siena Davis,siena_davis@yahoo.com,30,Canada,siena_davis@yahoo.com,Bachelor's Degree,1,siena_davis@yahoo.com,Female,6,siena_davis@yahoo.com,Single,1
Eddie Black,eddie.black@hotmail.com,51,Australia,eddie.black@hotmail.com,Doctorate,3,eddie.black@hotmail.com,Male,4,eddie.black@hotmail.com,Divorced,0
Eve Ramirez,eve_ramirez@gmail.com,39,Mexico,eve_ramirez@gmail.com,High School,4,eve_ramirez@gmail.com,Female,7,eve_ramirez@gmail.com,Married,4
Milo Wright,milo.wright@yahoo.com,35,United States,milo.wright@yahoo.com,Master's Degree,2,milo.wright@yahoo.com,Male,10,milo.wright@yahoo.com,Single,2
Allyson Mitchell,allyson.mitchell@hotmail.com,49,Canada,allyson.mitchell@hotmail.com,High School,1,allyson.mitchell@hotmail.com,Female,4,allyson.mitchell@hotmail.com,Married,1
Amos Adams,amos.adams@gmail.com,50,United States,amos.adams@gmail.com,Bachelor's Degree,1,amos.adams@gmail.com,Male,2,amos.adams@gmail.com,Divorced,4
Kaliyah Brown,kaliyah.brown@yahoo.com,19,Mexico,kaliyah.brown@yahoo.com,Doctorate,1,kaliyah.brown@yahoo.com,Female,9,kaliyah.brown@yahoo.com,Single,0
Jamal Hernandez,jamal_hernandez@hotmail.com,27,United States,jamal_hernandez@hotmail.com,Master's Degree,4,jamal_hernandez@hotmail.com,Male,8,jamal_hernandez@hotmail.com,Married,3
Adele Anderson,adele_anderson@gmail.com,59,United Kingdom,adele_anderson@gmail.com,Doctorate,4,adele_anderson@gmail.com,Female,6,adele_anderson@gmail.com,Married,5
Landon Taylor,landon.taylor@yahoo.com,54,Canada,landon.taylor@yahoo.com,Master's Degree,1,landon.taylor@yahoo.com,Male,8,landon.taylor@yahoo.com,Single,1
Alec Perez,alec.perez@hotmail.com,46,Mexico,alec.perez@hotmail.com,Bachelor's Degree,2,alec.perez@hotmail.com,Male,4,alec.perez@hotmail.com,Married,0
Lorelai King,lorelai_king@gmail.com,21,United States,lorelai_king@gmail.com,High School,3,lorelai_king@gmail.com,Female,5,lorelai_king@gmail.com,Single,4
Hector Ramirez,hector.ramirez@yahoo.com,44,Mexico,hector.ramirez@yahoo.com,High School,3,hector.ramirez@yahoo.com,Male,9,hector.ramirez@yahoo.com,Married,3
Nina White,nina.white@hotmail.com,32,Australia,nina.white@hotmail.com,Master's Degree,1,nina.white@hotmail.com,Female,3,nina.white@hotmail.com,Divorced,2
Dane Scott,dane_scott@gmail.com,60,United States,dane_scott@gmail.com,Master's Degree,2,dane_scott@gmail.com,Male,6,dane_scott@gmail.com,Single,1
Lainey Gonzalez,lainey_gonzalez@yahoo.com,52,Mexico,lainey_gonzalez@yahoo.com,High School,1,lainey_gonzalez@yahoo.com,Female,5,lainey_gonzalez@yahoo.com,Married,1
Cohen Wilson,cohen.wilson@hotmail.com,28,United Kingdom,cohen.wilson@hotmail.com,Bachelor's Degree,2,cohen.wilson@hotmail.com,Male,9,cohen.wilson@hotmail.com,Single,0
Kaitlyn Adams,kaitlyn.adams@gmail.com,38,Australia,kaitlyn.adams@gmail.com,Doctorate,4,kaitlyn.adams@gmail.com,Female,1,kaitlyn.adams@gmail.com,Married,3
Dariana Davis,dariana.davis@yahoo.com,53,Canada,dariana.davis@yahoo.com,Master's Degree,1,dariana.davis@yahoo.com,Female,5,dariana.davis@yahoo.com,Divorced,2
Toby Lee,tobylee@hotmail.com,36,United States,tobylee@hotmail.com,Bachelor's Degree,4,tobylee@hotmail.com,Male,8,tobylee@hotmail.com,Married,1
Eliezer Perez,eliezer_perez@gmail.com,42,Mexico,eliezer_perez@gmail.com,High School,2,eliezer_perez@gmail.com,Male,9,eliezer_perez@gmail.com,Married,4
Caitlin King,caitlin.king@yahoo.com,23,Canada,caitlin.king@yahoo.com,Master's Degree,3,caitlin.king@yahoo.com,Female,7,caitlin.king@yahoo.com,Single,1
Dane Patel,dane_patel@hotmail.com,18,India,dane_patel@hotmail.com,Master's Degree,4,dane_patel@hotmail.com,Male,2,dane_patel@hotmail.com,Divorced,0
Violeta Gonzalez,violeta_gonzalez@gmail.com,37,Mexico,violeta_gonzalez@gmail.com,High School,1,violeta_gonzalez@gmail.com,Female,7,violeta_gonzalez@gmail.com,Married,2
Tristin Scott,tristin.scott@yahoo.com,65,United States,tristin.scott@yahoo.com,Master's Degree,4,tristin.scott@yahoo.com,Male,4,tristin.scott@yahoo.com,Single,1
Aubree Davis,aubree_davis@hotmail.com,29,Australia,aubree_davis@hotmail.com,Bachelor's Degree,1,aubree_davis@hotmail.com,Female,8,aubree_davis@hotmail.com,Married,3
Lennon Martinez,lennon_martinez@gmail.com,57,Mexico,lennon_martinez@gmail.com,Master's Degree,4,lennon_martinez@gmail.com,Male,1,lennon_martinez@gmail.com,Single,0
Aryan Thompson,aryan_thompson@yahoo.com,61,United States,aryan_thompson@yahoo.com,Master's Degree,2,aryan_thompson@yahoo.com,Male,8,aryan_thompson@yahoo.com,Divorced,1
Soren Wilson,soren_wilson@hotmail.com,55,Canada,soren_wilson@hotmail.com,Bachelor's Degree,1,soren_wilson@hotmail.com,Male,6,soren_wilson@hotmail.com,Married,2
Braelyn Hernandez,braelyn.hernandez@gmail.com,62,Mexico,braelyn.hernandez@gmail.com,High School,2,braelyn.hernandez@gmail.com,Female,9,braelyn.hernandez@gmail.com,Married,4
Zion Rodriguez,zion_rodriguez@yahoo.com,50,Mexico,zion_rodriguez@yahoo.com,Doctorate,4,zion_rodriguez@yahoo.com,Male,4,zion_rodriguez@yahoo.com,Single,0
Edgar Johnson,edgar.johnson@hotmail.com,52,United States,edgar.johnson@hotmail.com,Master's Degree,3,edgar.johnson@hotmail.com,Male,8,edgar.johnson@hotmail.com,Married,3
Lana Taylor,lana.taylor@gmail.com,47,Canada,lana.taylor@gmail.com,Master's Degree,1,lana.taylor@gmail.com,Female,5,lana.taylor@gmail.com,Single,2
Braden Perez,braden_perez@yahoo.com,60,Mexico,braden_perez@yahoo.com,Bachelor's Degree,2,braden_perez@yahoo.com,Male,2,braden_perez@yahoo.com,Married,4
Jaida Smith,jaida_smith@hotmail.com,21,United States,jaida_smith@hotmail.com,High School,1,jaida_smith@hotmail.com,Female,8,jaida_smith@hotmail.com,Divorced,1
Jovanny Davis,jovanny.davis@gmail.com,43,Australia,jovanny.davis@gmail.com,High School,4,jovanny.davis@gmail.com,Male,4,jovanny.davis@gmail.com,Married,0
Eliana Brown,eliana_brown@yahoo.com,61,United States,eliana_brown@yahoo.com,Bachelor's Degree,1,eliana_brown@yahoo.com,Female,10,eliana_brown@yahoo.com,Single,2
Kasey Gonzalez,kasey.gonzalez@hotmail.com,30,Mexico,kasey.gonzalez@hotmail.com,Doctorate,2,kasey.gonzalez@hotmail.com,Female,6,kasey.gonzalez@hotmail.com,Married,1
Hanna Anderson,hanna.anderson@gmail.com,24,Canada,hanna.anderson@gmail.com,High School,1,hanna.anderson@gmail.com,Female,7,hanna.anderson@gmail.com,Married,4
Carmelo Martinez,carmelo.martinez@yahoo.com,58,Mexico,carmelo.martinez@yahoo.com,Master's Degree,4,carmelo.martinez@yahoo.com,Male,7,carmelo.martinez@yahoo.com,Single,0
Luz White,luz.white@hotmail.com,34,United States,luz.white@hotmail.com,Master's Degree,3,luz.white@hotmail.com,Female,3,luz.white@hotmail.com,Divorced,3
Cannon Scott,cannon_scott@gmail.com,56,Canada,cannon_scott@gmail.com,High School,4,cannon_scott@gmail.com,Male,1,cannon_scott@gmail.com,Married,1
Maisie Adams,maisie.adams@yahoo.com,22,Australia,maisie.adams@yahoo.com,Doctorate,4,maisie.adams@yahoo.com,Female,9,maisie.adams@yahoo.com,Single,2
Jasper Lee,jasper.lee@hotmail.com,25,United States,jasper.lee@hotmail.com,Master's Degree,1,jasper.lee@hotmail.com,Male,3,jasper.lee@hotmail.com,Married,2
Zoie Wilson,zoie.wilson@gmail.com,63,United Kingdom,zoie.wilson@gmail.com,Bachelor's Degree,2,zoie.wilson@gmail.com,Female,6,zoie.wilson@gmail.com,Divorced,1
Maren Hernandez,maren_hernandez@yahoo.com,29,Mexico,maren_hernandez@yahoo.com,High School,3,maren_hernandez@yahoo.com,Female,7,maren_hernandez@yahoo.com,Single,0
Braylen Thompson,braylen_thompson@hotmail.com,20,Australia,braylen_thompson@hotmail.com,Master's Degree,3,braylen_thompson@hotmail.com,Male,1,braylen_thompson@hotmail.com,Married,3
Karlee Rodriguez,karlee_rodriguez@gmail.com,41,Mexico,karlee_rodriguez@gmail.com,High School,1,karlee_rodriguez@gmail.com,Female,8,karlee_rodriguez@gmail.com,Married,2
Sergio Perez,sergio_perez@yahoo.com,36,Mexico,sergio_perez@yahoo.com,Bachelor's Degree,3,sergio_perez@yahoo.com,Male,5,sergio_perez@yahoo.com,Divorced,4
Layton Davis,layton.davis@hotmail.com,42,Canada,layton.davis@hotmail.com,High School,1,layton.davis@hotmail.com,Male,4,layton.davis@hotmail.com,Married,1
Savanah Johnson,savanah.johnson@gmail.com,50,United States,savanah.johnson@gmail.com,Doctorate,2,savanah.johnson@gmail.com,Female,9,savanah.johnson@gmail.com,Single,1
Jaidyn King,jaidyn_king@yahoo.com,37,Canada,jaidyn_king@yahoo.com,Bachelor's Degree,2,jaidyn_king@yahoo.com,Female,10,jaidyn_king@yahoo.com,Married,4
Lyla Taylor,lyla.taylor@hotmail.com,46,United Kingdom,lyla.taylor@hotmail.com,High School,1,lyla.taylor@hotmail.com,Female,7,lyla.taylor@hotmail.com,Single,0
Avery Gonzalez,avery.gonzalez@gmail.com,19,Mexico,avery.gonzalez@gmail.com,Doctorate,1,avery.gonzalez@gmail.com,Female,2,avery.gonzalez@gmail.com,Married,3
Kamryn Scott,kamryn.scott@yahoo.com,31,Australia,kamryn.scott@yahoo.com,Master's Degree,3,kamryn.scott@yahoo.com,Female,7,kamryn.scott@yahoo.com,Single,0
Azariah Brown,azariah_brown@hotmail.com,57,United States,azariah_brown@hotmail.com,Bachelor's Degree,2,azariah_brown@hotmail.com,Male,10,azariah_brown@hotmail.com,Married,2
Jaxson Martinez,jaxson.martinez@gmail.com,26,Mexico,jaxson.martinez@gmail.com,Master's Degree,1,jaxson.martinez@gmail.com,Male,6,jaxson.martinez@gmail.com,Divorced,1
Raven White,raven.white@yahoo.com,48,Canada,raven.white@yahoo.com,Doctorate,3,raven.white@yahoo.com,Female,3,raven.white@yahoo.com,Married,4
Jocelyn Adams,jocelyn_adams@hotmail.com,35,Australia,jocelyn_adams@hotmail.com,High School,3,jocelyn_adams@hotmail.com,Female,1,jocelyn_adams@hotmail.com,Single,0
Kylan Lee,kylan_lee@gmail.com,50,United States,kylan_lee@gmail.com,Master's Degree,2,kylan_lee@gmail.com,Male,5,kylan_lee@gmail.com,Married,1
Lennon Wilson,lennon_wilson@yahoo.com,25,Canada,lennon_wilson@yahoo.com,Doctorate,3,lennon_wilson@yahoo.com,Male,9,lennon_wilson@yahoo.com,Divorced,2
Macy Hernandez,macy.hernandez@hotmail.com,39,Mexico,macy.hernandez@hotmail.com,Bachelor's Degree,1,macy.hernandez@hotmail.com,Female,4,macy.hernandez@hotmail.com,Married,3
Jordy Thompson,jordy_thompson@gmail.com,30,United States,jordy_thompson@gmail.com,High School,1,jordy_thompson@gmail.com,Male,3,jordy_thompson@gmail.com,Single,0
Lena Rodriguez,lena.rodriguez@yahoo.com,51,Mexico,lena.rodriguez@yahoo.com,Bachelor's Degree,4,lena.rodriguez@yahoo.com,Female,6,lena.rodriguez@yahoo.com,Married,4
Gael Perez,gael_perez@hotmail.com,22,Mexico,gael_perez@hotmail.com,Doctorate,3,gael_perez@hotmail.com,Male,5,gael_perez@hotmail.com,Divorced,1
Ryann Davis,ryann.davis@gmail.com,24,Canada,ryann.davis@gmail.com,Bachelor's Degree,1,ryann.davis@gmail.com,Female,10,ryann.davis@gmail.com,Single,0
Lara Johnson,lara.johnson@yahoo.com,54,United States,lara.johnson@yahoo.com,Master's Degree,3,lara.johnson@yahoo.com,Female,3,lara.johnson@yahoo.com,Married,2
Paislee King,paislee_king@hotmail.com,61,United Kingdom,paislee_king@hotmail.com,High School,1,paislee_king@hotmail.com,Female,4,paislee_king@hotmail.com,Single,1
Kole Scott,kole_scott@gmail.com,63,Australia,kole_scott@gmail.com,Bachelor's Degree,4,kole_scott@gmail.com,Male,8,kole_scott@gmail.com,Married,3
Alaia Taylor,alaia_taylor@yahoo.com,23,United States,alaia_taylor@yahoo.com,Doctorate,2,alaia_taylor@yahoo.com,Female,2,alaia_taylor@yahoo.com,Married,4
